ID,Owner,Name,Downloads,NeedDevice,ImageSize,DockerVersion,Runtime
1,Hubbard-Myers,swarm,44,False,39.96230609163457,76.4.33,podman
2,Hansen and Sons,backdrop,68,False,51.87018364841091,48.85.50,containerd
3,"Rhodes, Smith and Molina",archlinux,60,True,73.74893081578867,41.27.88,docker-x11
4,Welch and Sons,rocket.chat,2,True,95.36682699084812,16.27.72,docker
5,Ortega Inc,amazon/cloudwatch-agent,31,False,8.092117832737411,30.83.83,docker
6,"Schmitt, Foster and Bowers",crux,82,False,31.01940560411328,21.15.71,docker-compose
7,Myers-Flores,adminer,12,False,52.912188793822615,28.83.93,docker-compose
8,"Wilson, Anderson and Duke",open-liberty,32,False,90.76281782858366,44.49.28,docker
9,Mata PLC,alpine,1,False,76.5462793026677,94.76.81,cri-o
10,Cooke Ltd,gazebo,69,True,5.690475573447618,52.0.86,nvidia-docker
11,"Francis, Gray and Smith",clojure,63,False,41.32933082619824,21.71.93,docker-x11
12,Peterson Ltd,joomla,69,True,48.772623260183046,76.69.14,podman
13,Thompson Inc,docker/ucp-agent,73,False,53.976598169724376,28.42.47,containerd
14,"Webb, Mays and Navarro",bitnami/postgresql,6,False,44.48531932815656,66.93.1,cri-o
15,Lawrence-Duran,circleci/ruby,7,True,45.07616021680726,59.2.72,cri-o
16,Tucker PLC,matomo,85,False,30.634743410988307,46.87.38,cri-o
17,Paul LLC,jenkins,97,True,41.51049817536142,38.68.69,docker
18,"Blevins, Silva and Sims",amazon/cloudwatch-agent,56,False,9.911154957394908,64.6.23,podman
19,Richards-Dunn,sl,39,True,21.875285332780614,28.43.47,nvidia-docker
20,Hodges-Sanders,adminer,86,True,78.58720210566055,26.27.42,containerd
21,"Reese, Lambert and Hill",python,55,True,44.58846714066684,9.59.81,docker-compose
22,Scott LLC,pypy,84,True,78.71365599648797,4.0.19,containerd
23,Perry LLC,hylang,55,True,92.89047397479504,46.39.12,docker-x11
24,"Baker, Reyes and Johnson",tomcat,35,True,21.566556543521976,26.39.62,docker-compose
25,"Richardson, Ward and Dudley",portainer/portainer,82,True,99.82416653865201,79.71.25,docker-x11
26,Powers-Cohen,bash,66,True,32.67841355463642,86.67.86,cri-o
27,Jones-Payne,plone,21,False,92.52269329258054,14.84.39,containerd
28,"Mcintosh, Kelly and Everett",jenkins,95,True,60.91843317901602,75.37.0,docker-x11
29,Mcconnell PLC,rancher/pause,54,False,62.29573385741345,41.41.41,docker-x11
30,"Diaz, Russo and Ballard",traefik,8,True,26.51994457449357,85.12.56,cri-o
31,Henderson Ltd,photon,77,True,55.14918571881169,24.32.86,docker
32,Horton-Lewis,phpmyadmin,32,True,8.968490769815086,28.93.96,docker-compose
33,"Johnson, Alexander and Glover",perl,44,False,44.2339003189372,57.4.60,cri-o
34,Schultz Group,traefik,92,False,33.81940244981778,58.12.82,docker-compose
35,Lynch-Hernandez,thrift,47,True,30.718188010604585,20.33.46,cri-o
36,"Jackson, Smith and Kirby",portainer/portainer,83,True,68.29057397934592,53.53.62,podman
37,Liu LLC,consul,24,True,53.44306577787301,50.93.98,docker-compose
38,"Crane, Hunt and Young",archlinux,93,True,2.6939519062260997,0.90.99,docker-x11
39,"Williams, Tran and Larson",bitnami/rabbitmq,87,False,22.271326936008762,65.5.99,docker-x11
40,"Hopkins, Allen and Nguyen",archlinux,22,False,63.15847319399425,9.36.98,nvidia-docker
41,Stewart-Shaffer,haproxy,0,True,20.03006207080258,60.28.87,docker
42,King PLC,adoptopenjdk,21,True,2.3151928913421993,42.30.56,nvidia-docker
43,Martinez-Peck,django,85,False,62.638983790259374,93.97.89,docker-x11
44,"Copeland, Jones and Jenkins",bash,71,False,86.56617234290346,15.94.67,cri-o
45,"Whitehead, Malone and Davis",mirantis/ucp-agent-win,78,True,14.781353304727862,11.80.64,nvidia-docker
46,Cunningham and Sons,lacework/datacollector,99,False,8.92836270902425,13.22.27,cri-o
47,"Carlson, Stewart and Morales",hashicorp/terraform,4,True,83.36414164140243,41.85.28,containerd
48,Clark-Bell,tomcat,20,False,50.31771262133585,84.8.65,containerd
49,"Holmes, Hill and Bryan",percona/percona-xtradb-cluster-operator,16,False,25.387941852736695,23.30.52,docker-compose
50,Holmes-Lawrence,gradle,93,True,58.37013149531507,57.74.58,podman
51,"Todd, Mcclure and Gomez",influxdb,4,True,25.070235282364095,10.41.8,docker-compose
52,"Cameron, Bradley and Escobar",memcached,31,True,58.05918557891777,39.40.22,nvidia-docker
53,Anderson-Sims,php,50,True,68.16962228226792,17.89.66,docker
54,Lindsey-Smith,perl,62,True,59.48841451381895,61.39.46,cri-o
55,Johnson-Walker,websphere-liberty,100,True,77.32518145554644,60.84.26,containerd
56,"Romero, Herrera and Herrera",mirantis/ucp-agent,61,True,79.92112815242704,95.48.15,docker
57,Barajas and Sons,fluentd,13,False,3.548783897011021,14.88.15,nvidia-docker
58,Henderson LLC,almalinux,36,True,34.360289835479286,42.10.38,docker-x11
59,"Barnes, Wright and Burch",bitnami/postgresql,26,True,96.54356856934766,19.88.0,nvidia-docker
60,Dunn-Nelson,hitch,89,True,45.39029454020815,38.10.34,nvidia-docker
61,"Young, Smith and Ellis",jetty,61,True,42.93707046965727,92.7.20,containerd
62,"Cruz, Harris and Cowan",fsharp,88,True,81.71713776698226,13.16.81,docker-x11
63,Heath-Green,docker/dockerfile,70,False,47.032435559153996,45.78.93,docker-x11
64,"Petty, Bray and Mason",amazon/amazon-ecs-agent,13,True,58.35897158238701,25.40.18,nvidia-docker
65,Edwards-Ross,amazon/aws-xray-daemon,27,True,84.29404621616973,6.74.90,docker-x11
66,Peters-Atkinson,golang,75,True,29.61748212458811,41.90.3,podman
67,"Cole, Ross and Marsh",bitnami/kubectl,46,False,43.419174053281715,92.71.67,containerd
68,Sanders PLC,haskell,74,True,42.78931423263642,38.16.85,podman
69,Burns-Arroyo,neo4j,13,False,47.83400202641851,34.45.43,cri-o
70,Hansen-Scott,docker-dev,61,False,27.468406809384238,62.89.34,nvidia-docker
71,Thompson-Hill,arangodb,0,True,83.33392679350446,24.78.82,podman
72,Henry-Buckley,dart,97,False,77.82256402769251,76.45.0,cri-o
73,Thompson LLC,sl,14,False,59.36315217744469,20.60.46,containerd
74,"Church, Hawkins and Bowman",vault,66,True,49.608863591164884,9.44.30,nvidia-docker
75,Coleman-Smith,hipache,81,True,81.97687888552765,60.10.43,docker
76,"White, Castillo and Hansen",geonetwork,91,False,19.262768500014737,27.63.12,containerd
77,"Walker, Huynh and Hill",fluentd,3,False,38.228706509476616,64.4.67,docker
78,Garcia-Atkinson,mirantis/ucp-agent-win,72,True,71.88024071260293,33.48.67,containerd
79,"Fletcher, Melendez and Smith",bitnami/postgresql,67,False,3.309823368580278,88.69.63,docker-compose
80,Curtis-Joseph,composer,48,False,23.720020828473665,61.3.4,docker-compose
81,Lane-Hays,ghost,33,True,43.255597613669615,23.35.96,docker-x11
82,Harrington Group,rockylinux,36,True,20.4969914686971,78.30.92,nvidia-docker
83,"Jordan, Hunt and Williams",portainer/portainer-ce,100,False,53.235174719439,85.44.75,docker
84,Williams Inc,ubuntu-upstart,50,False,94.85582470925367,45.46.16,containerd
85,Merritt Ltd,hashicorp/terraform,75,True,21.97842246130718,60.6.60,cri-o
86,Silva PLC,geonetwork,87,False,95.25453964729539,3.9.19,docker-compose
87,Cross Inc,portainer/agent,62,False,98.37863449069532,6.62.26,docker-compose
88,Lynch-Alvarez,percona,92,True,37.75253394455058,6.17.29,docker-compose
89,Dennis LLC,consul,46,False,28.975569909603994,23.38.49,docker-x11
90,Green LLC,traefik,31,False,46.22733177148503,6.49.22,docker
91,Kramer Group,solr,87,True,59.50210689033375,8.8.6,docker-compose
92,"Hale, Miranda and Webster",centos,36,True,28.2372484118918,64.0.35,nvidia-docker
93,Farmer Group,crate,61,False,74.92529694628772,88.74.40,cri-o
94,Rodriguez LLC,bitnami/rabbitmq,60,True,20.380143879980437,42.56.19,nvidia-docker
95,Rollins-Webster,circleci/postgres,3,False,83.30177343242792,68.82.12,containerd
96,Higgins-Martinez,datadog/docker-dd-agent,41,False,41.49966427816014,97.14.98,nvidia-docker
97,Smith LLC,api-firewall,38,False,25.302020061903196,49.58.27,nvidia-docker
98,Sampson-Rivera,amazoncorretto,38,False,78.1065844121604,12.57.8,nvidia-docker
99,Reyes and Sons,fsharp,76,False,96.26869172318919,30.53.6,docker
100,Arnold-Gordon,mariadb,40,True,50.29257309467534,71.51.99,cri-o
101,Wilson and Sons,circleci/ruby,9,True,37.32443954356496,63.11.64,containerd
102,Johnson-Brown,arangodb,54,False,99.0799727186847,52.30.98,podman
103,"Cochran, Kelley and Bush",rails,47,True,0.9996361889624161,19.32.31,podman
104,Bryant-Mejia,nginx,85,True,76.26339272898204,70.39.13,docker
105,Goodman Ltd,hylang,57,False,1.3482025904875239,70.58.50,docker-x11
106,Acosta PLC,thrift,14,False,99.94630702601462,29.6.37,cri-o
107,"Smith, Ramsey and Thomas",amazon/amazon-ecs-agent,30,True,64.63263653230118,54.36.70,docker
108,Cruz-Mitchell,groovy,23,True,38.50058394881367,66.50.97,docker-x11
109,Smith and Sons,amazon/dynamodb-local,25,False,14.381911794727065,98.44.41,nvidia-docker
110,Schmidt Inc,cheers,64,False,48.39648891384809,63.34.86,nvidia-docker
111,"Reed, Acosta and Rivera",sysdig/agent,98,True,33.27435834866348,91.76.67,nvidia-docker
112,Blackwell Inc,django,26,False,75.49539780963666,11.46.28,containerd
113,"Graham, Austin and Skinner",docker/aci-hostnames-sidecar,33,False,65.84130293130589,55.48.58,containerd
114,"Mcgee, Adams and Boyd",bitnami/nginx,30,True,47.10271886720858,35.62.33,docker-x11
115,Dennis PLC,bitnami/zookeeper,56,False,45.858621868994234,76.98.15,docker-compose
116,Cook and Sons,ibmjava,21,True,50.945426526982395,47.22.44,docker
117,"Thompson, Robertson and Armstrong",mageia,47,True,24.032298806004583,73.37.41,docker-compose
118,Kennedy PLC,erlang,74,False,41.03367051756677,17.94.57,docker
119,"Mitchell, Gardner and Turner",cheers,60,True,72.4975372817142,47.87.82,containerd
120,Espinoza PLC,amazon/dynamodb-local,38,True,69.3133503970393,38.93.94,podman
121,Chavez-Davis,groovy,12,False,59.30526432035818,83.89.91,nvidia-docker
122,"Lopez, Lindsey and Norris",amazon/amazon-ecs-agent,17,True,39.64540157997305,90.4.77,docker-compose
123,Perez and Sons,mongo,38,True,13.362391678975072,17.17.29,docker-compose
124,"Hudson, Anderson and Moore",mageia,81,False,78.58565820823713,26.89.1,docker-x11
125,Johnson-Phillips,datadog/docker-dd-agent,44,False,44.2144774308341,5.45.6,docker
126,Bentley Ltd,nginx,54,True,37.19862018735689,68.2.4,docker
127,Jones Group,amazoncorretto,64,False,13.94088383306582,26.49.63,docker
128,Burke-Boyd,kapacitor,42,True,21.15429178065864,38.98.9,cri-o
129,"Hayes, Cooper and Garcia",elixir,69,True,61.97599659802263,85.12.50,nvidia-docker
130,Lambert-Mosley,lacework/datacollector,9,False,95.83561231795638,75.93.84,docker
131,"Monroe, Marshall and Tucker",gcc,27,True,24.674051293684084,80.38.80,containerd
132,Nelson-Riley,cirros,53,True,4.180360749884715,9.87.71,docker
133,Simmons PLC,rancher/pause,87,False,83.57742453284565,71.85.37,nvidia-docker
134,"Anderson, Young and Welch",owncloud,66,True,61.40948428951957,14.45.95,docker-compose
135,Delgado Group,cirros,67,False,53.605046992788544,28.39.84,podman
136,"Moyer, Scott and Koch",opensuse,84,True,83.94434970112322,88.31.67,docker
137,Valenzuela PLC,websphere-liberty,18,True,29.976379794386975,40.52.53,docker-compose
138,Olson-Martinez,cockroachdb/cockroach,84,True,56.656605843070516,61.37.97,docker
139,Thomas Group,varnish,71,False,10.23245620676202,65.29.0,containerd
140,Morales-Cox,friendica,56,False,91.46518176806944,48.15.56,docker
141,Jones Group,datadog/agent,18,False,68.41396284610747,19.32.44,containerd
142,Miller and Sons,rakudo-star,7,True,31.894187889031222,75.77.58,docker-compose
143,Gregory Inc,varnish,67,True,99.12286950729622,93.41.67,docker-compose
144,Garza-Chapman,redis,27,False,18.698198770979257,32.90.26,docker-compose
145,Smith Inc,haskell,90,True,43.538786773975914,65.20.1,docker
146,Woods-Turner,mediawiki,40,False,30.35878300243464,71.40.9,docker-compose
147,Marshall Inc,kapacitor,85,False,64.29599311449456,27.85.38,cri-o
148,Johnson Inc,neo4j,9,False,82.5505093905502,77.33.91,podman
149,"Melton, Nicholson and Lewis",neurodebian,41,False,10.605375767298908,9.2.66,docker
150,Washington and Sons,perl,13,True,21.360905241617388,10.21.39,nvidia-docker
151,Morris Group,google/cadvisor,37,False,57.86751618759178,74.7.83,docker
152,"Smith, Anderson and Flores",sentry,76,True,38.56374664516476,48.35.96,docker-x11
153,"Dawson, Maxwell and Arias",datadog/docker-dd-agent,73,True,42.62841716063501,25.11.63,podman
154,Morris LLC,newrelic/nrsysmond,10,False,62.595448745645655,24.38.16,docker
155,Kelly LLC,matomo,30,True,57.32422049148147,29.93.89,docker-x11
156,Ford-Thompson,kibana,44,False,5.311004674280695,58.76.33,podman
157,"Anthony, Serrano and Porter",clearlinux,29,False,51.66553046232122,30.11.1,docker-compose
158,"Smith, Martinez and Sanchez",teamspeak,57,False,74.01209122100731,1.45.70,cri-o
159,"Fry, Christensen and Gutierrez",registry,73,False,62.35354016838763,56.11.93,nvidia-docker
160,"Watson, Greene and Howard",joomla,24,True,45.17898850076401,29.98.33,docker
161,"Wong, Russo and Jones",clearlinux,3,False,8.605048537728432,40.36.34,podman
162,"Garcia, Ryan and Coleman",eggdrop,0,False,83.65751142082571,75.61.88,nvidia-docker
163,"Ortega, Steele and Bennett",amazon/amazon-ecs-agent,71,True,90.49105544678491,44.63.93,cri-o
164,"Campbell, Serrano and Brewer",bitnami/kubectl,4,False,25.646958910968422,84.81.62,nvidia-docker
165,Bradley-Church,erlang,74,True,11.717613201997,64.33.22,cri-o
166,Newton Inc,scratch,52,True,89.32177778331513,3.11.77,docker-compose
167,"Montgomery, Fisher and Torres",golang,72,False,42.14614660607084,61.18.20,cri-o
168,Moore and Sons,crate,51,False,12.861371189696136,97.17.41,cri-o
169,Mccoy LLC,backdrop,89,True,24.61820641947351,54.94.14,docker-compose
170,"Davis, Garrett and Becker",storm,74,False,66.3552577736729,55.87.84,docker-x11
171,Aguilar-Meyer,kapacitor,49,False,5.1990342801136125,34.69.97,docker
172,"Stokes, Osborne and Newton",consul,18,False,46.74756047560026,70.8.5,cri-o
173,"Elliott, Harris and Fitzpatrick",ibmjava,37,False,25.44301515033235,6.98.87,podman
174,Perez-Rogers,archlinux,94,False,45.92188962741726,26.20.74,cri-o
175,Ferguson-Brown,jruby,73,False,92.26469793712548,21.5.72,docker-compose
176,Knight and Sons,lacework/datacollector,53,True,84.27130595956747,82.86.79,nvidia-docker
177,Lee and Sons,jetty,93,False,12.518072329410057,71.96.53,nvidia-docker
178,Paul Ltd,plone,27,True,0.0063611392891682605,61.33.25,containerd
179,"Burns, Barnes and Bailey",znc,13,False,81.20555998617417,68.25.84,podman
180,"Shaw, Sanford and Williams",owncloud,4,False,40.56994714230873,12.87.46,docker-compose
181,"Walters, Cole and Cobb",portainer/portainer,16,True,71.69121885482815,76.90.93,docker
182,Keller-Walker,orientdb,21,True,89.39445772697215,41.21.56,nvidia-docker
183,Martinez-Sawyer,traefik,16,True,36.06974099094802,92.67.38,docker-x11
184,Sanchez Group,nextcloud,78,False,50.72612102480414,92.69.85,docker-x11
185,Hanson-Fowler,django,61,True,31.811911528971095,41.73.96,docker-x11
186,"Mcknight, Acevedo and Smith",portainer/agent,70,True,60.11675362717539,1.15.90,podman
187,"Barron, Gonzalez and Newton",neurodebian,65,False,43.36631221540765,46.96.42,docker-x11
188,Keller-Jones,datadog/docker-dd-agent,89,True,80.13380693522491,4.60.23,podman
189,Thornton Inc,circleci/postgres,72,True,15.971616705373348,89.99.77,docker-x11
190,Anderson and Sons,xwiki,96,False,56.86382124764469,25.53.80,docker-x11
191,Williams Group,kapacitor,84,False,24.46479289201867,4.14.2,docker
192,Black-Tapia,pypy,72,True,94.21870652563555,4.65.38,containerd
193,Montgomery and Sons,perl,46,False,70.71730088829273,89.97.45,docker
194,"Mayo, Mann and Little",percona/percona-xtradb-cluster-operator,3,False,96.62437414290494,14.31.66,nvidia-docker
195,"Garcia, Schultz and Vasquez",teamspeak,72,True,6.7188490052099255,45.45.81,docker
196,Scott-Johnson,amazon/amazon-ecs-agent,25,False,80.75789699146155,3.79.68,docker-compose
197,Raymond-Bell,google/cloud-sdk,15,True,92.7790436838347,63.75.62,docker
198,Maddox-Jennings,eggdrop,56,True,29.99881502505295,58.37.42,nvidia-docker
199,Berry LLC,centos,3,True,74.26623018796303,51.7.53,podman
200,Bradley PLC,cheers,87,True,96.6139630279292,88.50.89,cri-o
201,Williams-Jones,ibm-semeru-runtimes,67,False,52.84201928774064,43.35.53,docker-x11
202,Morrison-Hughes,bitnami/mongodb,98,True,31.878325588003754,8.18.38,podman
203,"Decker, Rivas and Jones",fedora,90,True,40.02155063842237,69.79.81,podman
204,Lopez-Boyer,ghost,95,False,68.11480045282109,29.70.53,cri-o
205,"Larson, Welch and Lucas",mysql,10,False,50.93791944101089,22.6.50,docker-x11
206,"Olson, Mueller and Roberts",amazonlinux,8,True,46.900519494031776,21.13.33,docker-compose
207,"Adams, Lopez and Black",grafana/grafana,54,False,31.399745691383718,4.77.88,docker
208,"Ford, Molina and Gonzalez",consul,28,False,86.76187084460848,100.69.71,podman
209,Drake Ltd,gradle,32,False,75.39922800060954,33.62.35,docker-x11
210,"Mitchell, Stone and Robinson",bitnami/zookeeper,10,False,69.63307517496477,49.81.84,docker-x11
211,Clark-Walters,haproxy,100,True,84.12847707402953,29.21.45,docker-x11
212,Bryant and Sons,bitnami/postgresql,32,True,75.02639330554476,95.92.45,docker-compose
213,"Gibson, Horton and Owens",bitnami/external-dns,37,True,19.087140027774286,14.53.54,podman
214,Bradley LLC,portainer/portainer,50,False,16.219873642334846,54.39.21,docker-x11
215,Williams LLC,portainer/agent,65,True,27.636478096951876,99.0.73,cri-o
216,"Lane, Taylor and Mccoy",docker/ucp-auth,58,False,17.423273748698964,53.50.87,podman
217,Freeman-Mullins,rapidoid,66,True,8.099777836431654,78.84.45,containerd
218,Pacheco-Rodgers,sentry,35,True,16.84511951399178,59.89.51,nvidia-docker
219,Robertson PLC,mirantis/ucp-agent-win,21,False,91.83721562581695,46.40.80,containerd
220,Vazquez-Ortega,amazon/amazon-ecs-agent,6,True,48.22289358974048,10.30.10,docker
221,Stuart-Jones,cheers,51,False,8.762306627857463,69.83.27,docker-x11
222,Anderson LLC,grafana/grafana,28,True,61.953729479994244,56.70.18,nvidia-docker
223,"Ortiz, Cohen and Evans",neurodebian,37,False,92.00853613102565,73.64.76,podman
224,"Jones, Goodwin and Johns",caddy,35,True,38.08590159324079,50.94.67,containerd
225,"Owen, Smith and Jones",backdrop,38,False,64.00807506868935,75.35.65,containerd
226,Woodward LLC,vault,100,False,98.1837656279816,32.37.99,docker-compose
227,Mueller Inc,grafana/promtail,96,True,51.8980528854181,62.91.64,docker-compose
228,"Cooper, Miles and Lindsey",silverpeas,74,False,56.56071982662083,31.69.8,podman
229,"Tran, Cummings and Oconnor",nats-streaming,97,False,51.91310502788243,30.17.91,docker-x11
230,Mathews PLC,eclipse-temurin,4,True,39.55997203535618,37.47.45,docker-x11
231,Mcdaniel Inc,sysdig/agent,25,True,2.5520040885913753,45.84.59,nvidia-docker
232,Tyler-Holloway,backdrop,24,False,2.952851467292028,74.9.96,nvidia-docker
233,Jones-Murphy,rakudo-star,50,False,81.24367578828715,18.99.73,podman
234,Mosley-Sanders,amazoncorretto,12,True,28.38408710536431,60.47.44,docker
235,"Grant, Myers and Baker",hello-world,44,False,24.417083153481556,100.55.91,podman
236,Hubbard-Lucas,geonetwork,14,True,92.50390380064893,54.74.9,podman
237,"Vincent, Hicks and Miller",yourls,32,False,49.941983777763575,21.89.52,podman
238,Sellers-Phillips,buildpack-deps,72,True,96.92060364191374,37.55.66,cri-o
239,Chen-Collins,php,27,True,76.53747608016708,5.49.21,nvidia-docker
240,Short-Pollard,teamspeak,40,False,36.05567516753122,27.26.26,docker-x11
241,Fuller-Evans,phpmyadmin,46,False,19.320858907514637,62.98.39,cri-o
242,Walker-Jackson,haxe,56,False,4.866833237099444,9.26.51,podman
243,Young-Cain,plone,61,False,7.723427011557982,23.2.15,docker-compose
244,"Freeman, Bender and Hill",influxdb,87,True,39.14193887323806,88.0.35,cri-o
245,Williams-Fry,nuxeo,92,True,81.21045897956161,36.89.71,docker
246,Phillips-Brown,teamspeak,82,True,50.84776866694373,36.63.54,docker-x11
247,Robinson and Sons,bash,20,False,45.547293297588745,92.94.69,docker-x11
248,"Mcguire, Smith and Turner",traefik,20,True,7.107803357974785,93.68.5,docker-x11
249,Strickland LLC,neo4j,30,False,23.269360455238086,23.74.51,containerd
250,Walker Inc,bitnami/mariadb,28,True,33.413039289651046,27.60.24,nvidia-docker
251,"Campbell, Harris and White",drupal,73,False,0.23702492845678602,58.58.42,cri-o
252,"Lowe, Schmidt and Jones",teamspeak,43,True,92.69011155218868,14.94.87,docker
253,Mcclain and Sons,dart,100,True,94.32207264382482,34.18.4,cri-o
254,Perry Group,caddy,21,False,73.95471302700284,5.41.28,cri-o
255,"Scott, Watkins and Ross",vault,42,True,87.58285509599675,62.17.43,cri-o
256,Price Inc,hashicorp/terraform,74,False,54.738536947100236,38.34.70,docker
257,Sanchez-Benson,open-liberty,30,True,13.452782171689092,10.79.23,podman
258,Thompson PLC,cockroachdb/cockroach,76,True,54.3979327438438,97.67.64,nvidia-docker
259,"Wright, Guzman and Maldonado",portainer/portainer-ce,0,True,89.5225040107673,60.34.65,podman
260,"Scott, Jackson and Hamilton",solr,96,False,62.49817918886321,74.51.40,containerd
261,Holland-Rodriguez,django,31,False,84.15335443155973,49.3.27,containerd
262,"Hines, Gilbert and Townsend",docker/ucp-agent,12,True,9.460519980977,27.10.30,docker
263,Cunningham PLC,nats-streaming,36,False,84.39390504594614,10.11.93,nvidia-docker
264,"Lee, Richardson and Moore",circleci/node,49,False,37.85990002245387,96.12.82,docker-compose
265,Miller and Sons,java,9,True,33.11205349064813,73.19.18,podman
266,"Ford, Brooks and Weiss",varnish,93,False,20.272839626165172,38.55.60,nvidia-docker
267,Parks-Johnson,haxe,8,False,44.88668426330422,42.63.7,containerd
268,Torres-Griffin,nats,33,True,96.98853837201911,1.35.29,podman
269,Solis LLC,elixir,67,False,48.4783294744699,9.45.58,docker
270,"Davenport, Ferguson and Jennings",docker/dockerfile,46,True,45.98505240124041,58.94.28,nvidia-docker
271,Mckay Ltd,xwiki,78,True,81.94438442840455,48.44.74,docker-compose
272,"Kirby, Sanford and Shelton",rabbitmq,84,False,97.41412776941092,71.26.92,docker-compose
273,"Schmidt, Buchanan and Smith",eclipse-temurin,41,True,71.75770374667997,68.73.31,docker-compose
274,Maynard-Carter,django,95,False,55.103585261104236,50.65.70,docker-x11
275,Jones-Young,influxdb,76,False,57.73753904201408,44.77.76,cri-o
276,"Sullivan, Gaines and Barajas",alpine,59,False,19.183846963689167,95.9.1,podman
277,Saunders LLC,zookeeper,36,False,50.36134348618974,45.58.38,nvidia-docker
278,Sullivan-Miller,yourls,23,False,50.42053348576127,43.85.96,docker-compose
279,Mathis-Pineda,golang,49,False,6.438744867211232,28.3.51,docker
280,"Hernandez, Gregory and Vance",elasticsearch,9,True,89.01924122543629,37.39.58,nvidia-docker
281,"Erickson, Mccall and Hunter",docker/ucp-agent,48,False,99.9133236526455,98.59.100,containerd
282,Berry PLC,Kaazing,21,True,67.13025115692763,50.44.64,docker
283,Estrada Group,amazon/aws-for-fluent-bit,45,False,73.95922458885734,40.91.80,docker-compose
284,Dunlap-Taylor,bash,20,False,34.80352838484993,92.84.89,podman
285,"Smith, Long and Rose",satosa,25,True,31.107996638981582,44.27.9,nvidia-docker
286,"Dawson, Howard and Robinson",gcc,72,False,84.07052527792689,0.83.24,cri-o
287,Jones-Dunn,docker-dev,99,False,59.622100080581944,12.88.15,cri-o
288,"Campbell, Garner and Randall",fedora,91,True,54.550578598802616,53.59.43,containerd
289,Myers PLC,kapacitor,76,True,24.02965985855996,30.79.58,docker-compose
290,"Garcia, Howell and Glenn",piwik,95,True,8.350195708179097,62.88.96,docker-compose
291,Davis Ltd,docker/ucp-agent,97,False,44.944558882475995,72.77.34,docker-compose
292,Haley-Dominguez,pypy,6,False,83.8321415497509,99.10.27,docker-x11
293,"Martinez, Gonzalez and Ramirez",jenkins,0,True,42.70553536912275,24.66.13,cri-o
294,Schmidt Ltd,mediawiki,75,False,32.34547780730631,31.71.24,cri-o
295,Riley-Fox,rocket.chat,79,False,24.80188111920224,50.36.35,docker-compose
296,"Woods, Smith and Conner",couchbase,23,False,95.3969199397945,80.34.99,podman
297,Stephenson Group,hipache,19,True,56.00605551949812,19.66.63,cri-o
298,"Evans, Allen and Martin",emqx,13,False,0.849389725843086,53.80.42,docker
299,Ortiz Ltd,perl,24,True,87.924896631351,77.19.36,docker-x11
300,Jones-Holloway,amazon/cloudwatch-agent,44,True,10.613152104427071,77.88.90,docker
301,Dennis-Hall,circleci/python,51,True,96.33518345906114,60.79.22,podman
302,Perez-Ruiz,vault,96,False,80.77166561322295,56.76.87,docker-x11
303,"Franklin, Roberts and Yates",yourls,62,False,86.14294546551233,27.84.75,cri-o
304,"Lopez, Barber and Kim",python,22,False,58.23640815106821,100.40.67,nvidia-docker
305,Deleon Inc,perl,40,False,53.80380503362671,93.54.22,podman
306,Cox-Sharp,backdrop,89,False,11.902652230433642,76.70.26,docker
307,Hunt and Sons,rails,44,True,84.18181357772745,92.54.14,nvidia-docker
308,Russo Inc,notary,86,True,59.82977366176054,56.70.38,docker-x11
309,"Snyder, Reyes and Hunter",circleci/redis,58,True,51.439072852071924,83.67.69,docker-compose
310,"Hines, Miller and Dorsey",google/cadvisor,6,True,87.90772865351208,18.38.100,podman
311,Bowen-Mayo,sapmachine,99,False,40.44108728182982,27.61.23,containerd
312,Pham-Gould,piwik,83,False,44.08963667894113,0.12.12,cri-o
313,Villanueva-Smith,bitnami/zookeeper,21,True,50.78307832015542,94.73.98,nvidia-docker
314,"Gilbert, Harris and Scott",mariadb,55,False,34.736200328481544,16.6.45,docker-x11
315,Anderson-Freeman,percona/percona-xtradb-cluster-operator,81,True,29.89309685385988,74.36.60,containerd
316,"Landry, Anderson and Lynch",sysdig/agent,12,False,66.16893564015271,69.45.52,docker-x11
317,"Valdez, Carter and Roberts",teamspeak,80,False,25.561186934938508,11.49.79,podman
318,Myers LLC,mageia,18,False,95.06787564059765,81.99.0,docker-x11
319,Cooper-Schmidt,mageia,49,False,96.63187827415256,29.33.64,podman
320,Miller PLC,haproxy,91,True,94.5533514082,60.43.47,docker-compose
321,"Francis, Brown and Waters",xwiki,65,False,68.15313232988639,75.83.4,cri-o
322,Mitchell-Carroll,python,24,False,82.67870991593514,75.73.17,cri-o
323,Frazier-Singleton,django,0,True,27.30283096075745,33.98.45,docker-compose
324,Adams-Rocha,bitnami/mariadb,61,False,69.81325706835531,39.88.65,containerd
325,"Miller, Black and Olson",composer,55,False,29.73931014592035,79.80.49,podman
326,Moody PLC,circleci/mysql,44,True,81.74470700294873,46.34.25,cri-o
327,Brown-Bailey,express-gateway,37,False,13.433786402309956,78.89.79,containerd
328,Logan LLC,satosa,44,True,0.6410268518070916,36.48.42,containerd
329,Marshall Inc,rakudo-star,71,False,4.69424527225466,31.47.0,docker-x11
330,Chaney Inc,piwik,0,False,49.39371257780497,46.80.99,containerd
331,Church-Johnson,postfixadmin,35,False,57.225225177937254,51.63.0,docker-compose
332,Higgins Inc,xwiki,5,True,60.11190520421069,2.13.30,cri-o
333,"Smith, Edwards and Powers",fedora,33,False,9.5438845960504,4.72.37,docker-compose
334,"Lopez, Ingram and Fields",clefos,36,True,31.155781003376205,45.74.84,docker-compose
335,Gomez-Patton,amazonlinux,6,False,49.94372661860048,6.47.29,docker-compose
336,Stone-Caldwell,websphere-liberty,76,True,28.33271977682925,52.0.39,nvidia-docker
337,Smith Ltd,julia,46,True,5.715778187520415,23.87.28,docker
338,"Tucker, Roberts and Carpenter",openjdk,91,True,97.59880580272605,31.32.49,docker
339,"Hubbard, Matthews and Medina",node,85,True,81.0907080252369,22.73.13,docker-x11
340,Williams-Collins,cassandra,93,False,92.7916362493149,91.79.4,docker
341,"Frederick, Johnson and Caldwell",jenkins,43,True,73.32778127615023,7.5.58,docker
342,Bolton and Sons,docker/aci-hostnames-sidecar,14,False,80.50863039037465,49.91.48,cri-o
343,Larson Group,gazebo,62,True,38.239128747608135,53.20.77,docker
344,Robinson and Sons,crux,9,True,94.961551874367,15.5.88,docker-compose
345,Obrien Group,alpine,17,True,58.04680066269875,21.39.2,docker
346,Jensen-Garcia,amazonlinux,71,True,44.27120704500837,0.9.82,nvidia-docker
347,Becker PLC,php,88,True,49.7352056848498,50.88.98,cri-o
348,"Martin, Hutchinson and Hoffman",sl,74,False,10.117662913092563,35.41.91,podman
349,"Perkins, Gonzalez and Sullivan",php-zendserver,26,True,93.12117167447157,1.92.60,nvidia-docker
350,Clark LLC,ubuntu,86,True,62.68698330007493,2.32.83,containerd
351,"Fuller, Williams and Bryan",mono,84,True,97.25762621383386,66.5.96,nvidia-docker
352,Adams-Durham,buildpack-deps,95,True,84.73300747374924,79.71.39,docker-compose
353,"Jones, Evans and Miller",clojure,88,False,4.210586176029474,50.83.53,cri-o
354,"Vance, Kim and Medina",rakudo-star,87,False,45.74328918031375,53.63.83,nvidia-docker
355,King LLC,api-firewall,42,False,10.704589157583587,88.50.52,docker
356,Bell Ltd,solr,22,False,37.58013132716632,82.34.68,podman
357,Mcdonald-Boyd,bitnami/redis,78,True,95.34139066836252,88.78.91,cri-o
358,Morris Inc,golang,70,False,39.916215867775506,86.78.23,docker
359,"Nichols, Blackburn and Meyer",sl,19,False,21.629790970812866,56.59.86,cri-o
360,"Wright, Benjamin and Ball",rakudo-star,100,True,92.44946422768032,93.45.19,podman
361,Williams LLC,ruby,35,False,11.880786123181919,28.9.97,docker-compose
362,"Shepard, Blanchard and Cox",jenkins,100,False,88.68462057784168,11.61.71,docker-x11
363,"Perez, Anderson and Tucker",gradle,65,False,41.18030573638401,53.64.84,docker-x11
364,Zuniga Group,websphere-liberty,33,False,57.26170104335161,36.70.6,docker-compose
365,Pacheco Group,vault,13,True,34.97248272673132,50.27.91,docker-x11
366,Cameron-Scott,groovy,69,False,69.41683564339802,90.11.25,docker-compose
367,"Proctor, Campbell and Garza",clojure,31,True,14.319112526949096,72.4.67,cri-o
368,Wolf-Foster,backdrop,86,True,73.54046708682276,73.68.9,docker-x11
369,Brown-Kemp,percona/percona-xtradb-cluster-operator,85,False,53.1185525937114,53.44.92,nvidia-docker
370,"Brown, Melendez and Glover",nuxeo,31,False,65.68876520911765,30.88.2,docker-x11
371,May-Lawson,alpine,66,True,46.0924611130775,80.63.77,docker-compose
372,"Gilmore, Padilla and Lawrence",ibmjava,32,True,57.027082023630946,37.52.99,docker-x11
373,"Robinson, Ochoa and Garcia",ruby,33,True,93.2109606418715,82.39.92,cri-o
374,Young Inc,gazebo,43,False,94.17405854087013,42.61.47,docker
375,Pennington-Moore,nats,24,True,17.980721907523957,25.28.9,podman
376,"Blair, Sullivan and Simmons",thrift,96,False,10.010412927146639,94.93.20,podman
377,Carney-Vang,emqx,27,False,97.79078964359158,41.10.62,podman
378,Zimmerman and Sons,openjdk,42,False,46.91762994941485,23.43.29,docker-compose
379,Robinson-Cook,jobber,98,True,60.91125582288232,25.38.82,docker
380,Lopez PLC,rethinkdb,91,True,68.52507404763811,51.85.39,containerd
381,"Chase, Henderson and Rodriguez",cassandra,61,True,21.82469899322692,52.77.24,docker-compose
382,Stevens-Davis,nextcloud,46,False,28.101813611848357,57.73.71,containerd
383,Brown-Jackson,backdrop,28,False,63.09818424071694,74.27.16,docker-compose
384,"Jensen, Blankenship and Evans",bitnami/external-dns,40,True,8.042225997213537,12.57.78,docker-compose
385,West-Roberts,mageia,47,False,85.00355488245297,92.44.14,docker-compose
386,Green-Monroe,convertigo,58,False,58.55314069320936,9.27.22,podman
387,Taylor-Murillo,bitnami/zookeeper,94,False,67.08567514129432,47.45.39,docker-x11
388,Wilson-Smith,orientdb,99,False,50.63799462703358,93.99.7,docker
389,"Mckay, Wilcox and Taylor",clefos,20,False,18.862908418478053,37.58.91,podman
390,Cole Ltd,erlang,61,False,55.157904419108064,93.42.15,nvidia-docker
391,"Roberts, Hull and Horton",golang,5,False,35.029299464937246,47.29.63,docker-x11
392,Crosby-Arnold,hylang,23,True,66.47621050398138,57.7.41,docker-x11
393,Tucker Group,silverpeas,73,False,25.456238592814707,60.97.2,containerd
394,Sutton Group,cockroachdb/cockroach,67,False,41.78718750945099,30.76.62,cri-o
395,Short Group,kapacitor,35,False,55.03814627483187,38.12.39,podman
396,Collins-Manning,varnish,48,True,15.742274863860317,82.44.37,containerd
397,"Harris, Mcdaniel and Diaz",hitch,92,True,58.79868491933347,68.77.25,docker
398,Knight-Tucker,postgres,44,True,36.317737953517984,81.47.8,cri-o
399,"Welch, Jenkins and Davis",hashicorp/terraform,73,False,50.37745501709213,31.49.27,docker-compose
400,Rios PLC,grafana/promtail,14,True,54.08316859271234,49.42.2,containerd
401,Smith-Davis,mirantis/ucp-agent,95,False,25.48152205794637,78.32.24,nvidia-docker
402,Carson Group,google/cloud-sdk,3,True,5.513029502984923,11.2.19,nvidia-docker
403,Pena-Chase,ubuntu-upstart,83,True,67.71073159872407,90.91.32,docker-compose
404,Flores Inc,eggdrop,57,True,61.42310002483406,3.23.78,docker-compose
405,Jackson and Sons,express-gateway,90,True,10.347315986529072,3.9.32,docker
406,Roberts LLC,geonetwork,22,False,16.073286396058407,46.46.20,nvidia-docker
407,Stephens-Stanton,circleci/mysql,50,False,87.26386090432541,16.63.96,docker
408,"Stewart, Wolf and Krause",sapmachine,14,True,46.30882648331994,15.25.22,cri-o
409,"Cox, Rivers and Powell",drupal,43,False,14.023637940866196,94.47.40,containerd
410,"Chapman, Harvey and Patterson",eclipse-temurin,70,False,74.4713490963464,20.66.52,nvidia-docker
411,Hernandez and Sons,rancher/pause,74,True,92.4353008167348,68.49.17,docker
412,"Graham, Wade and Martin",ubuntu,77,True,96.02333083650251,70.2.80,docker-compose
413,"Malone, Murray and Anderson",mirantis/ucp-agent,92,False,63.1751802238699,77.88.100,cri-o
414,"Luna, Robinson and Morales",memcached,7,True,43.94127884333652,12.20.46,nvidia-docker
415,Perkins Ltd,sapmachine,36,True,56.41096029084262,30.83.52,podman
416,"Morales, Brown and Murray",kong,96,True,96.49393456584949,39.53.60,docker-x11
417,Dunn Ltd,bash,44,True,38.09844827540378,87.12.5,nvidia-docker
418,Cabrera Ltd,plone,82,False,72.14141597828481,43.12.71,docker
419,Herrera-Lester,bitnami/mariadb,48,False,13.245993731622708,55.74.89,podman
420,Ramirez PLC,silverpeas,77,True,8.565521061544501,6.4.90,docker-compose
421,Goodwin and Sons,photon,13,True,17.620943754987085,32.23.12,docker-x11
422,Jimenez Group,yourls,38,False,90.22605399405026,57.63.8,docker-compose
423,Hughes Inc,bitnami/redis,91,False,37.64573251284023,81.96.4,docker-compose
424,"Perkins, Edwards and Mccoy",sapmachine,12,False,67.36829887454967,78.89.17,containerd
425,Wise-Rodgers,gcc,32,False,72.76114283025125,23.42.96,containerd
426,Barnett PLC,docker,9,True,38.30420741404721,27.0.45,docker-x11
427,Gamble-Bowman,clearlinux,6,True,58.93448506259639,6.83.35,cri-o
428,Sexton LLC,rancher/rancher-agent,36,False,41.83929267811347,38.68.64,docker
429,"Strickland, Robinson and Perry",cirros,80,True,31.884435152189504,36.19.4,docker
430,Wells-Harper,eclipse-temurin,33,True,84.7639257939031,83.50.30,docker-compose
431,"Johnson, Park and Mcconnell",newrelic/nrsysmond,14,False,29.317726909070497,37.7.31,docker-compose
432,"Beard, Burke and Harris",clefos,2,True,58.086194225406885,67.9.96,cri-o
433,"Scott, Hunter and Gillespie",ruby,45,False,57.07441845679041,36.93.25,containerd
434,Clark Ltd,maven,42,False,81.26947923330903,35.10.86,docker-x11
435,"Marshall, Savage and Frank",amazon/cloudwatch-agent,52,True,68.51547074108515,69.5.73,containerd
436,"Phillips, Jordan and Daniels",buildpack-deps,6,True,19.226331144753374,23.15.97,containerd
437,Bender-Guzman,dynatrace/oneagent,30,False,97.24446444424169,66.46.99,containerd
438,Melendez-Jones,clojure,40,False,63.82283572895734,47.74.61,docker-compose
439,"Hernandez, Martin and Zavala",almalinux,79,True,3.7986761054273566,82.8.0,docker-x11
440,"Carr, Gray and Bailey",open-liberty,17,True,13.766441587949974,61.100.82,nvidia-docker
441,"Evans, Spencer and Barajas",portainer/agent,92,True,14.816893201645975,82.21.28,docker-compose
442,Giles-Rogers,bitnami/rabbitmq,47,False,75.47740402570363,72.38.81,cri-o
443,Scott-Anderson,amazon/aws-for-fluent-bit,51,True,25.559519937912935,88.88.47,podman
444,Steele Inc,Kaazing,35,False,94.71672302921166,79.87.32,containerd
445,Brown LLC,flink,63,True,43.34250136358848,28.93.48,containerd
446,Brown Group,perl,74,True,96.7108355928232,99.63.0,podman
447,Williams and Sons,portainer/portainer-ce,6,False,31.013637637905678,91.31.23,docker-x11
448,Rodriguez-Lewis,rabbitmq,29,True,8.710456278387769,86.60.30,podman
449,"Mccormick, Wolfe and Martinez",monica,7,False,29.025824029668566,24.20.95,docker-x11
450,Boyd Group,bash,86,True,85.09720608039231,35.85.71,containerd
451,Hill-Faulkner,alpine,35,False,0.9469936841005611,99.76.55,containerd
452,"Rodriguez, Chan and Smith",drupal,67,False,18.728584156090523,95.51.37,docker
453,"Estrada, Gonzalez and Schultz",bitnami/mariadb,88,True,9.69010410957123,18.93.53,docker
454,Carson-Newman,rethinkdb,27,True,37.03664123734224,73.23.66,containerd
455,Powers-Matthews,circleci/ruby,28,True,96.94478647177249,96.69.52,nvidia-docker
456,Lang-Wood,gcc,36,False,29.524524336122237,100.19.11,docker-x11
457,Hall Group,nuxeo,2,True,34.97922031731381,55.13.87,nvidia-docker
458,Huff Group,lightstreamer,45,False,62.078728734816565,60.86.8,docker
459,"Rodriguez, Horn and Brown",nats,5,True,42.89566120517,5.66.62,docker-compose
460,"Sanders, Cowan and May",openjdk,46,True,49.21051041880855,77.6.76,docker-x11
461,Meza and Sons,geonetwork,41,False,50.37495581587758,37.32.47,podman
462,Ferguson-Holloway,amazon/dynamodb-local,13,False,95.42985395878975,49.75.16,nvidia-docker
463,Davis Ltd,dart,20,True,51.61839747155721,92.70.24,nvidia-docker
464,Edwards and Sons,hello-world,42,True,13.544996028527734,53.47.81,cri-o
465,"Wilson, Moore and Mckinney",xwiki,17,True,40.102877855406184,49.88.100,nvidia-docker
466,Perez-Koch,monica,37,False,68.06505552219728,93.41.7,docker
467,Mccarthy-Lawrence,friendica,18,False,20.923300512101363,12.18.46,cri-o
468,Ewing Inc,caddy,76,True,53.622005635349765,38.1.86,docker
469,Rivera-Randall,ruby,34,False,71.70075160817582,23.74.35,podman
470,"Ford, Peterson and Kim",backdrop,12,True,59.768106558972924,76.45.25,docker
471,Bates-Bush,datadog/agent,74,False,77.77372932013103,89.27.93,podman
472,Zamora-Davis,ibmjava,53,False,33.41418346362366,81.38.29,podman
473,"Miles, Fuller and Clark",mongo-express,3,True,91.13267660338596,78.84.50,nvidia-docker
474,Salazar-Peterson,haproxy,73,True,42.87699711083223,6.10.21,containerd
475,Rogers PLC,neurodebian,69,True,58.03431175279181,99.48.87,nvidia-docker
476,Steele-Collins,kibana,84,False,55.91931152128271,64.98.21,containerd
477,Berger Inc,portainer/portainer-ce,65,True,26.758175899685842,62.42.70,docker-compose
478,"Jenkins, Johnson and Randolph",rabbitmq,3,False,49.60418987059798,35.94.1,podman
479,"Evans, Cross and Green",open-liberty,38,False,58.7899308080646,56.0.31,podman
480,"Perez, Delacruz and Valenzuela",ibm-semeru-runtimes,22,True,83.89384611567088,90.15.56,docker
481,Smith-Smith,php,85,True,7.8871881280942695,24.39.22,docker-x11
482,Nelson PLC,consul,16,False,0.6599028947602559,21.33.68,cri-o
483,Bailey-Butler,wordpress,10,False,85.35088385306582,30.37.26,docker
484,Collins PLC,docker/aci-hostnames-sidecar,99,False,64.73277418025813,38.51.15,podman
485,"Morgan, Rogers and Contreras",wallarm/api-firewall,48,False,89.79385716563183,38.87.5,nvidia-docker
486,Montgomery Group,traefik,43,True,75.8638553681988,61.25.68,docker-x11
487,Cole PLC,alpine,15,True,8.124891302875337,53.17.91,cri-o
488,Brown Ltd,docker/ucp-auth,30,False,96.88121690076741,42.89.100,docker-x11
489,David LLC,amazon/aws-xray-daemon,39,True,84.2696976972893,58.30.93,cri-o
490,Wright-Cox,docker,53,True,66.19485068664383,26.84.4,docker-x11
491,Blake LLC,percona,9,True,32.38528717282427,85.27.29,docker
492,Rogers-Turner,newrelic/infrastructure-bundle,89,True,99.64151011142974,23.13.1,cri-o
493,Shaw Inc,odoo,13,True,38.69514358473622,77.40.17,nvidia-docker
494,Beasley LLC,datadog/agent,52,False,56.27091839055047,24.3.46,cri-o
495,Horton-Walker,websphere-liberty,50,False,68.05047381096212,71.43.58,nvidia-docker
496,Edwards PLC,plone,29,False,89.67957776024448,26.59.34,cri-o
497,Woodard-Glass,buildpack-deps,98,False,27.928593215488373,91.72.79,nvidia-docker
498,Johnson Ltd,ubuntu-upstart,20,False,96.50736492125567,97.67.9,containerd
499,Chen Ltd,dynatrace/oneagent,69,True,87.23263492920188,83.45.17,docker-x11
500,Blevins-Torres,mediawiki,66,False,53.36095649204287,84.20.21,podman
501,Jordan Ltd,haproxy,88,True,51.8837894103663,13.25.43,docker-x11
502,"Campbell, Bailey and Morales",jetty,70,False,49.387636032952955,24.72.25,docker-compose
503,Estes-Stevens,glassfish,40,True,22.154757422723392,77.24.0,docker
504,Ramirez-Lopez,euleros,88,False,93.83859700038502,17.34.89,containerd
505,Acosta Inc,friendica,21,False,21.713325295346497,15.16.97,containerd
506,Pena LLC,openjdk,77,False,49.62972335214092,89.22.18,nvidia-docker
507,"Kaiser, Stevens and Bryant",circleci/python,99,False,26.45261532804183,49.31.14,docker
508,"Johnson, Newton and Olsen",docker-dev,19,True,83.46851197581644,2.55.36,nvidia-docker
509,Campbell-Simmons,gcc,47,True,98.94283848538473,41.62.59,containerd
510,"Butler, Flores and Patterson",spiped,5,True,71.75839811387917,0.82.88,podman
511,"Evans, Ray and Ramos",rancher/rancher-agent,22,False,70.527284299094,11.39.66,nvidia-docker
512,Harris Group,erlang,2,True,7.567981885274766,12.91.36,docker
513,"Scott, Rodgers and Estrada",piwik,83,False,84.38072596937798,77.50.71,docker-compose
514,Ward-James,mysql,85,True,87.37394278232016,80.4.11,docker
515,Day Ltd,lightstreamer,59,True,36.44276469766206,78.66.29,cri-o
516,"Dixon, Snyder and Smith",docker/aci-hostnames-sidecar,16,True,59.05039862063316,44.51.99,docker-x11
517,Carlson and Sons,cassandra,25,True,89.7262768428632,81.82.13,docker-compose
518,"Harris, Cox and Marshall",gazebo,59,True,30.537488438816485,37.79.66,nvidia-docker
519,"Owen, White and Martinez",haskell,37,False,27.02946171588193,80.73.25,docker
520,Mendez LLC,redis,98,False,79.37425254791799,27.13.55,docker
521,"Sparks, Thomas and Obrien",django,56,True,69.20294658922373,82.93.93,nvidia-docker
522,Morales and Sons,ibmjava,37,True,47.91736078042478,55.5.60,containerd
523,"Waller, Haas and Zimmerman",alpine,39,False,68.98044971778813,29.30.56,docker
524,Moore Group,mono,21,True,59.82006717341757,3.58.16,cri-o
525,Brown-Cooper,bitnami/redis,52,False,78.32821826894615,24.3.44,cri-o
526,"Stokes, Cunningham and Campos",matomo,55,False,85.35464213074287,28.2.53,docker-compose
527,Dean-Thomas,portainer/portainer-ce,2,False,30.404197348406004,48.88.55,nvidia-docker
528,Nelson Ltd,websphere-liberty,42,True,31.15609399417242,65.28.97,containerd
529,Jones-Cole,celery,97,True,82.35573238619939,34.53.97,cri-o
530,Moreno-Miller,redis,74,False,9.791339803651011,65.80.87,podman
531,Wood-Carpenter,lightstreamer,11,True,13.63019643606207,97.66.90,docker
532,Turner Group,ghost,6,False,62.12822649586378,28.21.64,cri-o
533,Guzman LLC,swarm,100,True,63.09867316752826,66.59.7,docker
534,Freeman Ltd,nats,68,False,87.2076580164793,30.39.87,docker-compose
535,Robertson-Anderson,wordpress,49,False,74.63019787524424,26.70.48,docker
536,Harding-Bond,nats,87,True,85.35204119068618,81.90.0,podman
537,"Sanders, Smith and Fleming",grafana/promtail,96,False,81.55566438269359,79.30.51,cri-o
538,Jacobson-Jones,rails,88,True,80.21315391909094,87.42.60,docker
539,Williams PLC,bitnami/redis,82,True,11.153695455182755,69.17.56,containerd
540,Ramos-Malone,jenkins,91,False,64.85766892750526,38.89.8,podman
541,Bowers Inc,sl,76,True,40.78503091850351,49.100.37,containerd
542,"Drake, Hall and Thomas",django,41,False,25.398820695457637,44.87.11,containerd
543,"Stone, Carter and Moon",portainer/agent,62,False,44.58212686395054,73.61.63,docker-compose
544,"Atkins, Lynch and Parsons",Kaazing,27,False,96.45451909687496,86.19.48,containerd
545,"Meyer, Benson and Schultz",adoptopenjdk,20,False,63.36842720969849,100.40.1,docker-compose
546,Hudson PLC,perl,86,False,41.015823653745585,88.32.6,docker-compose
547,"Jimenez, Ford and Peterson",traefik,5,True,60.13816438768419,26.33.63,docker-compose
548,"Smith, Byrd and Washington",mariadb,35,False,39.91538480127292,28.51.0,docker-compose
549,"Jones, Jimenez and Jackson",nats-streaming,98,True,92.42878986545868,95.47.25,docker-compose
550,"Allen, Phillips and Lawrence",sapmachine,82,False,80.46269687569605,87.55.45,docker-compose
551,Thompson Inc,buildpack-deps,55,False,97.16488097704196,53.56.51,cri-o
552,Acevedo-Mercer,buildpack-deps,59,True,86.78174950640542,6.61.34,nvidia-docker
553,Robinson-Long,emqx,12,False,88.21198825057164,17.99.84,cri-o
554,Murphy-Kirk,newrelic/infrastructure-bundle,54,True,46.63539608755565,69.81.85,cri-o
555,Vincent and Sons,bitnami/kubectl,59,True,59.62698132922045,50.98.99,cri-o
556,Brown-Walton,solr,45,False,2.6216232015543017,18.93.57,podman
557,Costa-Poole,grafana/grafana,79,False,55.22782595499306,58.55.28,docker
558,Osborn Ltd,sapmachine,63,True,95.64731535674724,4.16.29,docker
559,"Kerr, Rollins and Ramirez",datadog/docker-dd-agent,35,False,49.331811056563794,29.75.89,docker
560,Graham Group,nextcloud,37,False,26.119307977564922,2.53.72,docker
561,"Hebert, King and Lane",notary,60,True,93.7443009986702,72.29.79,docker-compose
562,"Collins, Mcdaniel and Collins",django,44,True,54.85284096207638,26.81.18,podman
563,Bright-Marshall,datadog/agent,68,False,78.42490117798567,32.30.13,cri-o
564,"Velazquez, Thomas and White",glassfish,51,True,1.858585789818168,99.79.79,containerd
565,"Jimenez, Mitchell and Bell",consul,59,False,26.202108406370016,50.87.76,docker-x11
566,Wise PLC,bitnami/nginx,23,False,45.07692013027486,68.38.68,podman
567,"Lopez, Robertson and Flores",rails,83,True,61.31234615038738,22.10.78,cri-o
568,"Gentry, Robinson and Griffin",amazon/cloudwatch-agent,21,False,73.25589860560045,60.31.42,docker
569,Evans and Sons,piwik,50,False,31.538246147244198,68.90.95,containerd
570,Campbell Ltd,buildpack-deps,10,True,31.38278630640492,51.31.44,nvidia-docker
571,Miller-Peters,registry,49,False,19.025153450418987,62.48.38,docker-x11
572,Hodge Inc,eggdrop,30,False,88.0623696232581,68.2.13,containerd
573,Caldwell-Graham,dcl2020,48,True,34.67719054870221,85.47.43,docker
574,"Singh, Ortiz and Valdez",amazon/aws-for-fluent-bit,98,False,57.48419864819302,12.63.4,containerd
575,"Brown, Burton and Duke",cassandra,20,False,49.3731500899499,92.67.81,nvidia-docker
576,"Novak, Walker and Kline",archlinux,95,False,73.03116064642468,80.39.84,docker-compose
577,Barrera LLC,buildpack-deps,13,True,9.857341535158836,2.61.42,podman
578,"Miller, Wilcox and Sawyer",amazon/cloudwatch-agent,23,False,34.782002579124494,6.33.99,containerd
579,Gibson-Phillips,amazonlinux,17,False,55.42829423501209,18.62.21,cri-o
580,Johnson-Berry,elasticsearch,51,True,86.92577084871317,72.83.50,containerd
581,Johnson-Ware,cockroachdb/cockroach,18,False,83.65406520873283,28.13.69,docker
582,"Williams, Murphy and Phillips",cirros,77,False,19.209928041228586,86.21.36,docker-compose
583,"Wilson, Schroeder and Yoder",haxe,64,False,94.29176653264501,86.5.73,podman
584,Schroeder-Carey,piwik,90,True,80.26630476850663,10.18.18,docker-x11
585,"Ramirez, Fields and Smith",ibm-semeru-runtimes,84,False,97.11256182681049,83.47.35,nvidia-docker
586,Kerr Ltd,mediawiki,20,True,47.93141743120535,4.95.31,docker-compose
587,Davis Ltd,mongo,48,True,21.695836873551176,66.49.18,podman
588,"Smith, Soto and Jones",bitnami/external-dns,81,False,99.1824782886853,24.79.67,cri-o
589,Davis-Rose,orientdb,91,True,66.89534277349614,63.58.59,podman
590,"Edwards, Santos and Cain",notary,25,False,63.46998464574277,94.80.84,docker
591,"Butler, Walker and Klein",dart,22,True,19.804732591217856,76.18.59,docker-compose
592,Logan-Manning,hitch,16,False,26.82597753553577,49.63.94,docker-x11
593,"Hurley, Moreno and Harvey",adminer,22,True,66.31171032144172,97.18.65,containerd
594,"Foster, Gibson and Hampton",portainer/portainer,70,True,55.50334148929148,69.56.66,cri-o
595,"King, Rosario and Gentry",bitnami/mariadb,65,False,27.03274665796096,34.3.29,docker-compose
596,Byrd PLC,grafana/grafana,55,True,4.377275830778215,82.63.32,cri-o
597,"Lee, Carter and White",kapacitor,96,True,64.14261680186203,74.60.52,docker-x11
598,Butler Group,perl,20,False,81.60581366834494,6.60.56,docker-x11
599,"Kim, Mathis and Gonzalez",mono,90,True,17.06109536701843,93.30.80,podman
600,Garcia Ltd,telegraf,76,False,43.01007195895998,99.81.100,docker-x11
601,Cline-Chase,buildpack-deps,64,False,41.80609755679306,32.59.7,docker-compose
602,Parsons-Turner,friendica,51,True,16.94240026105236,83.55.31,podman
603,"Castro, Moore and Weaver",portainer/portainer,13,False,83.91975862086221,71.47.78,nvidia-docker
604,Coleman-Williams,odoo,11,True,56.3429960783668,1.95.17,containerd
605,"Daniels, Martinez and Hernandez",google/cloud-sdk,1,True,51.82862068137685,98.89.16,docker-compose
606,Preston PLC,dynatrace/oneagent,67,True,37.72574354121701,46.17.56,docker
607,Moreno LLC,docker,85,True,41.04823553532091,94.16.42,docker
608,Perez-Solis,crux,44,False,58.03487639139625,52.60.91,docker-x11
609,"Zavala, Perez and Knight",consul,76,False,63.07658318990509,84.99.82,docker-compose
610,"Wright, Holmes and Hampton",java,29,False,36.3027553084631,72.81.22,nvidia-docker
611,Sanchez-Brown,buildpack-deps,14,False,51.277209821740776,95.9.92,containerd
612,"Carlson, Taylor and Campbell",satosa,71,True,19.22999159053339,93.96.53,docker-compose
613,Fowler LLC,bitnami/zookeeper,51,False,13.671205056349333,78.23.82,containerd
614,Wheeler Group,rabbitmq,64,True,50.86715858016565,3.69.27,docker
615,Young-Vasquez,haxe,1,False,53.82222136989523,25.96.77,docker-x11
616,"White, Vasquez and King",gcc,70,False,0.33349990081703584,81.57.20,docker-x11
617,Morrow Ltd,sentry,1,False,35.01412813193072,9.3.31,nvidia-docker
618,Harper Ltd,bitnami/mongodb,36,False,90.01393212569079,33.38.97,podman
619,"Ball, Miller and Weber",elasticsearch,28,True,89.25892450163512,52.8.0,podman
620,Summers-Jones,golang,17,True,12.4012060189305,17.7.2,docker
621,Patel-Silva,Kaazing,61,False,58.752865398781516,28.56.37,docker-x11
622,Ballard LLC,euleros,45,False,29.727092333594396,67.83.73,docker
623,"Collins, Collins and Stewart",grafana/grafana,45,True,35.72478125897717,33.3.7,cri-o
624,Myers-Maddox,rancher/rancher-agent,9,False,92.77973810269994,6.44.69,podman
625,Pena-Weber,drupal,58,True,73.1728013356849,83.73.31,docker-x11
626,Suarez Ltd,spiped,92,False,86.28386713089927,57.79.70,containerd
627,Moore Ltd,plone,8,False,89.10788626679198,46.3.48,docker
628,Soto-Sullivan,bitnami/kubectl,71,True,45.83087581177659,36.100.70,docker-x11
629,"Mcmahon, Wells and Williams",portainer/portainer,57,True,19.07911636060675,0.48.71,docker-compose
630,Kidd Ltd,docker/ucp-agent,22,False,55.24034748539286,86.68.74,cri-o
631,Lowe-Morris,docker/dockerfile,91,True,79.09632554818164,6.21.89,docker-compose
632,Maldonado-Patton,kibana,16,True,28.955227834560805,62.42.54,cri-o
633,"George, Erickson and Crawford",ruby,100,True,11.903464720253599,35.4.73,cri-o
634,Kirby and Sons,perl,90,False,41.038207034870474,29.74.55,cri-o
635,"Burns, Johnston and Camacho",newrelic/nrsysmond,81,False,47.08586109414581,66.70.9,nvidia-docker
636,"Navarro, Whitehead and Hernandez",bitnami/kubectl,62,False,26.783178141564058,99.6.26,nvidia-docker
637,Mathis Group,celery,46,True,9.341657948816751,92.14.35,podman
638,"Schmidt, Allen and Willis",mirantis/ucp-agent-win,92,False,44.402108344460856,11.64.32,nvidia-docker
639,Liu PLC,mirantis/ucp-agent-win,74,True,94.78851085993178,38.2.79,docker-compose
640,Taylor-King,amazon/cloudwatch-agent,37,True,58.16770292754757,0.85.0,cri-o
641,"Watson, Jackson and Gonzalez",clefos,35,True,45.04243552466812,57.4.52,nvidia-docker
642,"Andrews, Thomas and Nicholson",almalinux,39,False,40.64903024781948,99.55.83,containerd
643,French PLC,fsharp,49,True,8.551863494721001,6.8.84,docker
644,Fletcher-Franklin,drupal,4,False,60.804224088752946,81.56.27,nvidia-docker
645,Poole-Thompson,kibana,32,True,66.85530860014578,89.71.22,nvidia-docker
646,Stone-Wilson,ghost,2,False,11.98198389405304,39.55.50,docker-x11
647,Blair-Dominguez,hipache,87,False,83.09983983556018,12.44.8,cri-o
648,Lee Inc,znc,34,True,47.26305778363066,21.8.39,docker
649,Nash-Nelson,emqx,19,True,94.43162483196394,59.68.66,docker-x11
650,Williams Ltd,docker/dockerfile,95,False,14.484882533725063,30.83.97,containerd
651,"Moss, Martin and Ruiz",euleros,11,True,38.92101392499744,31.90.28,docker
652,Martinez-Higgins,nginx,60,True,15.253803407022248,83.93.90,nvidia-docker
653,Bowers LLC,nats,22,False,34.44001781379521,60.71.58,nvidia-docker
654,Jenkins-Perez,lacework/datacollector,86,False,27.435912009737706,79.46.20,docker-x11
655,"Gardner, Mosley and Mason",postfixadmin,38,False,21.062273287395662,12.35.65,docker
656,Johnson-Giles,circleci/mysql,17,True,64.7544149127472,15.42.91,docker-x11
657,Potter Group,buildpack-deps,60,True,40.73852815233073,41.57.20,podman
658,Garcia PLC,python,55,False,97.98603642743191,28.85.11,docker-compose
659,Velazquez Ltd,clefos,32,False,24.020707902431106,16.40.60,nvidia-docker
660,"Allen, Higgins and Mathis",known,93,True,19.397651325461762,70.5.68,docker
661,"Serrano, Park and Daugherty",nats,100,True,3.910140775351445,16.52.70,docker
662,Olson PLC,httpd,9,True,15.994408757916867,74.24.72,podman
663,Wells-Shaffer,ibmjava,4,False,22.104898556720098,31.68.40,docker
664,"Allison, Moore and Smith",clojure,26,False,96.76930058252064,55.11.4,docker-compose
665,Baker Group,portainer/portainer,26,False,30.636414719395944,86.76.73,podman
666,Martin-Hill,elasticsearch,39,True,30.692336893366612,4.78.88,podman
667,Rowe-Smith,percona,58,True,72.36834638709838,36.27.86,nvidia-docker
668,Stewart-Reed,rockylinux,11,False,51.22701664202489,86.4.39,containerd
669,Turner-Rice,crux,69,True,17.805808520062527,48.87.67,docker
670,Sanchez-Graham,haproxy,34,True,60.3943102323456,66.3.29,podman
671,"Gonzalez, Francis and Schwartz",amazon/aws-for-fluent-bit,100,False,65.9446913780977,32.81.91,cri-o
672,"Green, Snow and Knox",archlinux,49,True,55.015082997726374,68.63.81,cri-o
673,"Mack, Parks and Carey",mysql,42,False,67.32277363621102,19.100.57,docker
674,Baker-Murphy,orientdb,96,True,73.28509091295857,43.45.59,containerd
675,"Burns, Peters and Little",kapacitor,79,True,95.22518453583348,19.99.89,docker
676,Cook-Ochoa,couchbase,71,False,57.377373181618076,10.67.59,docker-compose
677,Reed Group,busybox,73,False,35.50248098901352,15.45.24,docker-compose
678,Villarreal Inc,ubuntu,66,True,34.24834795283829,31.45.32,docker-x11
679,Kelly and Sons,rocket.chat,88,False,73.89136292812432,87.97.51,nvidia-docker
680,"Wright, Flores and Powell",percona/percona-xtradb-cluster-operator,45,False,35.101931163757826,61.93.60,containerd
681,"Wilson, Vazquez and Fuller",thrift,0,True,38.29034681475589,54.25.40,nvidia-docker
682,"Short, Kelly and Stevens",crux,48,True,40.46472405866024,73.66.18,docker-x11
683,Hill-Diaz,satosa,48,True,22.92299683505561,90.10.8,nvidia-docker
684,"Steele, Simon and Davis",registry,100,False,86.29657449873795,88.12.82,docker-x11
685,Perez Ltd,rancher/rancher-agent,33,False,33.22077027195978,72.47.30,containerd
686,Blevins-Williams,photon,14,True,94.82173177766802,42.32.67,cri-o
687,Macias-White,crate,70,False,28.396308013150673,77.45.26,nvidia-docker
688,"Willis, Robertson and Rodriguez",kong,4,False,37.81730594458629,99.25.88,docker-compose
689,Parks-Leon,caddy,51,True,76.64386316781987,63.46.52,cri-o
690,Adkins-Smith,ruby,80,True,51.4253916323679,68.14.87,containerd
691,Bell-Mitchell,hello-seattle,71,False,90.76749051173684,85.6.14,containerd
692,"Evans, Barber and Murphy",elasticsearch,73,True,80.95524498794965,86.27.1,containerd
693,Brown-Villarreal,bitnami/postgresql,24,True,26.805575363917,29.9.20,podman
694,Thomas-Palmer,bitnami/kafka,72,True,35.568984479151176,100.93.87,cri-o
695,Walsh LLC,rancher/pause,28,True,83.83271913897575,66.59.24,podman
696,"Cooper, Nelson and Finley",postgres,98,True,16.46914736918259,22.38.56,nvidia-docker
697,"Crawford, Hill and Leon",plone,6,False,81.09130842222508,6.84.17,docker-x11
698,Shaw-Gonzalez,elixir,85,False,24.80313007121572,79.46.82,podman
699,"Manning, Alexander and Boyd",hashicorp/terraform,37,False,67.79416113531721,73.32.91,podman
700,Chavez Inc,teamspeak,25,False,73.17288124175083,52.56.61,nvidia-docker
701,"Montoya, Hill and Thompson",express-gateway,13,True,76.6365089146,5.47.60,podman
702,"Gordon, Olson and Combs",tomcat,31,False,66.49970150715147,65.45.76,docker-compose
703,Bowen-Bennett,consul,4,True,34.46565391588964,97.35.36,podman
704,Jones and Sons,mysql,34,False,3.0929295689992475,92.100.47,docker
705,"Owens, Butler and Lopez",wallarm/api-firewall,3,True,11.938623917493674,46.92.56,podman
706,Benjamin-Dominguez,haxe,11,False,66.46714538855561,14.54.23,docker-compose
707,Orr PLC,cassandra,60,False,50.324775684284184,26.25.24,containerd
708,Hurley-Garcia,hipache,97,True,81.87523333948403,58.55.51,nvidia-docker
709,Carter Ltd,solr,4,True,45.56403257303296,0.65.15,nvidia-docker
710,"Rose, Reeves and Morgan",hola-mundo,27,True,81.86549083689127,6.68.13,cri-o
711,Harvey Inc,fluentd,98,False,36.572864946891585,10.55.35,docker
712,Hart-Graham,oraclelinux,46,True,65.41885345295081,19.8.71,containerd
713,Mitchell-Bennett,wordpress,32,False,28.77587772643555,68.73.67,cri-o
714,Cannon-Young,portainer/portainer,84,True,4.323116860894627,30.6.38,podman
715,Brown Ltd,glassfish,60,True,63.171743384639115,41.12.84,docker-compose
716,"Allen, Wilson and Robertson",yourls,4,True,46.20449603306842,62.44.21,docker-compose
717,Marquez-Brady,piwik,62,True,49.12111979209762,49.57.84,nvidia-docker
718,"Lowe, Wright and Schultz",owncloud,94,False,28.053583898115107,97.7.51,cri-o
719,"Jackson, Solomon and Mckinney",influxdb,26,False,9.88339002153279,95.40.19,containerd
720,Scott-Singh,percona,44,True,49.86814785618484,36.21.12,nvidia-docker
721,"Henderson, Thompson and Hill",orientdb,87,True,49.30665990741316,36.44.14,nvidia-docker
722,Knight-Ford,hipache,28,True,36.05203809071803,16.2.78,containerd
723,Patterson Inc,oraclelinux,85,True,62.652476216094755,45.2.83,podman
724,Torres-Mills,openjdk,69,True,91.10930922921806,95.3.94,nvidia-docker
725,Phillips LLC,oraclelinux,30,True,96.86486932796927,32.86.84,podman
726,Camacho PLC,xwiki,2,True,59.98148095452338,72.36.47,podman
727,"Davis, Frazier and Martinez",bash,28,True,81.44897718730648,2.93.83,cri-o
728,Molina-Franco,circleci/redis,4,True,79.65031579448845,30.1.23,podman
729,Smith-Gibson,phpmyadmin,4,False,54.567544401355605,7.3.53,docker
730,Chen and Sons,mongo-express,47,False,7.374643697436212,41.7.21,containerd
731,Jordan Ltd,cirros,60,False,47.83092258224284,4.11.88,docker
732,Washington-Castro,matomo,40,False,79.22129908166312,53.25.95,docker
733,"Bowers, Green and White",sonarqube,41,True,37.758217504905744,89.6.26,podman
734,"Roberts, Roberts and Robinson",piwik,4,True,2.3703632101609085,60.20.62,docker-x11
735,"Sampson, Richardson and Jones",amazon/aws-cli,86,False,36.49506899466021,91.99.52,docker-compose
736,"Chaney, Gomez and Lambert",groovy,35,False,45.83768471258101,2.81.44,docker
737,"Green, Watkins and Robertson",circleci/python,23,True,13.185388254748664,54.64.2,docker-x11
738,"Warner, Gilbert and Richardson",busybox,48,False,23.901109289197752,46.73.8,docker-x11
739,"Boone, Weiss and Hebert",tomcat,61,False,64.59471775626258,87.76.99,podman
740,Willis-Carter,crux,71,False,88.59876469558668,69.74.34,nvidia-docker
741,Petersen-Alexander,open-liberty,35,False,83.43436502328402,32.10.36,docker-x11
742,Lloyd-Barnes,docker,88,False,60.2950487572968,37.17.36,nvidia-docker
743,"Raymond, Perry and Blake",alpine,85,True,77.83216010527555,52.52.85,containerd
744,"Zamora, Wood and Harris",rancher/rancher-agent,38,False,82.93859170155173,35.84.91,containerd
745,Hays PLC,sourcemage,16,True,12.255912993215857,93.31.94,podman
746,"Thomas, Vazquez and Goodman",perl,96,True,27.74190357670817,51.59.41,docker-x11
747,Hawkins Group,grafana/promtail,65,True,15.109186409537012,8.7.43,docker-x11
748,Myers-Turner,amazon/cloudwatch-agent,9,False,73.68359904834651,0.61.64,docker-x11
749,Farmer Ltd,cirros,33,True,64.16753397233724,36.67.86,podman
750,Wheeler Ltd,portainer/portainer,13,True,81.96907699193525,45.51.11,cri-o
751,Cabrera-Wilson,bitnami/mongodb,43,False,37.71009955326022,85.12.22,docker
752,"Smith, Martinez and Brock",photon,4,False,32.21880496749841,25.43.72,docker
753,Jones-Jarvis,bitnami/nginx,7,True,51.404990432255104,98.55.39,docker
754,Burke Inc,python,71,True,92.5266618880015,25.100.96,podman
755,Joyce-Clark,swipl,95,False,83.58780355864619,90.100.68,docker-compose
756,Brown-Clark,fluentd,70,False,65.08914254777808,39.91.4,nvidia-docker
757,"Conley, Henderson and Joseph",mysql,85,False,16.01412623525208,96.4.30,cri-o
758,"Lucero, Jones and Clark",kapacitor,61,False,46.61650912810972,74.38.9,docker
759,"Mejia, Robbins and White",django,44,False,15.014882383199613,12.22.58,podman
760,"Davis, Martin and Nguyen",neurodebian,69,False,84.02394220375932,5.97.9,cri-o
761,"Campbell, Smith and Wallace",rancher/pause,75,False,54.91378623099975,64.95.1,docker
762,"Lopez, Oneill and Rivas",yourls,53,False,19.91318284858815,55.90.65,podman
763,Fernandez-Barr,nextcloud,24,False,31.070603400610196,57.19.7,containerd
764,Adams-Wright,silverpeas,85,True,66.86962380192124,73.75.42,cri-o
765,Fisher Group,oraclelinux,28,True,13.633652894471805,54.77.61,docker
766,Stevens-Thomas,hello-world,48,False,87.70022459707573,75.54.38,docker-compose
767,Mccoy and Sons,python,76,True,77.63608531453646,11.52.15,nvidia-docker
768,Leon-Gillespie,hylang,27,False,73.16984373525872,38.98.34,docker
769,Rodriguez-Moore,docker/ucp-agent,100,False,51.50765708105487,62.49.60,containerd
770,Robinson-Torres,couchbase,42,True,66.67902465297605,87.57.43,podman
771,Collins Ltd,grafana/promtail,37,False,21.72740433922079,62.18.59,docker-x11
772,White LLC,amazoncorretto,52,True,10.152294954985507,75.75.20,docker-x11
773,Valdez PLC,postgres,62,True,66.68331888047716,61.11.59,docker-x11
774,Moore Inc,google/cadvisor,25,False,42.22397234607109,86.94.28,nvidia-docker
775,Smith-Esparza,jruby,15,True,15.76496472546286,63.37.60,cri-o
776,Mason-Mathews,nats-streaming,88,False,53.92488005435374,57.86.66,nvidia-docker
777,Ross Group,gcc,44,False,53.49902166129804,30.26.76,cri-o
778,Baker-Anthony,hipache,24,True,50.926812537756646,79.94.47,cri-o
779,"West, Soto and Callahan",amazonlinux,9,False,50.02704905292003,42.17.23,containerd
780,Simpson Group,groovy,61,False,49.185287562120195,21.95.43,cri-o
781,Taylor-Davis,memcached,90,True,34.75915396731214,6.5.23,docker-compose
782,Keith LLC,dcl2020,16,True,31.77012568149732,79.29.52,docker-x11
783,Rodgers Inc,piwik,54,False,71.48878196140139,27.95.48,nvidia-docker
784,Harvey-Nelson,groovy,42,True,33.74914164329347,23.51.77,podman
785,Li-Savage,java,46,False,24.606450887770094,2.97.64,docker-compose
786,"Landry, Maldonado and Barnes",django,11,False,75.80084137370228,42.100.68,docker-x11
787,Berry-Lopez,hylang,14,True,88.10032100434977,66.5.100,docker
788,Yang PLC,clearlinux,30,False,77.15718831709182,21.69.73,docker
789,Cox PLC,docker,30,False,93.89155938222781,64.20.48,cri-o
790,Washington-Espinoza,pypy,12,False,8.545676513878197,72.81.62,podman
791,Smith-Rose,rethinkdb,98,False,69.13678148359165,27.8.81,cri-o
792,"Medina, West and Ford",monica,72,True,48.156846595065026,43.30.35,docker-compose
793,"Jones, Perry and Stone",rust,47,False,60.65736439919706,32.97.71,podman
794,"Owens, Bowen and Pittman",amazon/cloudwatch-agent,14,False,77.32418120783947,39.39.78,podman
795,Cox-Day,rockylinux,83,False,82.90485860488789,85.14.93,containerd
796,"Long, Hicks and Chandler",orientdb,77,False,97.68897574685566,26.70.52,docker-x11
797,Maynard PLC,sourcemage,10,False,9.15631588766087,92.6.85,containerd
798,"Shepherd, Mitchell and Kline",phpmyadmin,40,False,38.58003727563233,36.91.5,cri-o
799,"Flores, Kennedy and Kramer",varnish,46,True,71.20752604035567,31.66.35,cri-o
800,Colon-White,swipl,83,False,98.02283927504159,41.66.6,containerd
801,"Bowers, Smith and Henderson",amazonlinux,44,True,60.54051190707204,94.82.93,cri-o
802,"Miller, Peck and Snow",flink,61,True,28.503034784908753,52.14.4,docker-compose
803,"Hernandez, Abbott and Carrillo",euleros,93,True,81.28490524766752,99.58.53,podman
804,"Anderson, Sullivan and Evans",percona,99,True,46.152361961520015,5.28.99,podman
805,"Oconnor, Anderson and Rice",storm,96,False,1.6519807967721456,66.48.57,docker-x11
806,"Fuentes, Guerrero and Wells",sysdig/agent,32,False,63.81285483330708,66.2.32,docker-x11
807,Davis-Day,python,0,False,82.63089285291232,68.81.55,cri-o
808,Gutierrez Group,scratch,0,True,85.64795276349344,34.21.77,docker-compose
809,"Price, Moss and Hale",jenkins,54,True,43.80976210708541,65.23.23,docker
810,Martinez-Andrews,telegraf,22,False,24.215753643175965,42.92.35,podman
811,Lopez-Norton,Kaazing,85,True,62.10934522030613,30.42.59,docker-compose
812,Harrison-Krueger,clojure,74,True,97.90265805774933,8.60.47,podman
813,Hansen-Mercado,cockroachdb/cockroach,23,True,75.89371449875225,84.62.100,containerd
814,"Johnston, Hall and Duffy",openjdk,0,False,37.59854014882927,6.54.83,podman
815,Friedman Ltd,lacework/datacollector,64,True,49.97103843883479,54.99.78,docker-x11
816,Contreras-Acevedo,docker,85,True,87.62918448490245,5.54.84,podman
817,Jones LLC,sourcemage,38,False,46.193108865765076,80.44.41,containerd
818,"Hendrix, Williams and Wells",rethinkdb,91,False,49.87850022853346,98.67.38,docker
819,"Berry, Garcia and Taylor",bitnami/external-dns,99,False,4.171663095970324,84.78.1,podman
820,Day and Sons,clefos,82,False,50.07017693324243,60.24.64,docker
821,Tyler and Sons,mongo-express,51,False,67.82343394366247,80.56.66,docker
822,Lawrence Group,google/cloud-sdk,80,True,33.545729853940564,36.91.38,docker-x11
823,"Hughes, Mitchell and Moon",bitnami/postgresql,17,False,63.84236884385936,36.27.37,containerd
824,"Smith, Thomas and Keller",influxdb,76,False,60.813035415153514,90.4.51,nvidia-docker
825,"Chambers, Lee and Williams",ubuntu,52,True,52.65751750622177,3.91.60,nvidia-docker
826,"Holmes, Yates and Murray",hipache,61,True,24.755000647067583,73.41.6,docker-x11
827,"Riley, White and Sanchez",convertigo,43,True,48.51604522614451,39.55.47,nvidia-docker
828,Tucker PLC,swipl,80,False,43.627075526556304,34.67.9,nvidia-docker
829,Merritt LLC,archlinux,22,True,60.682021204240996,63.8.27,containerd
830,Smith-Bautista,wordpress,90,False,86.18187783159874,18.38.5,cri-o
831,Russell-Jones,opensuse,59,True,64.53950086316877,97.94.10,docker
832,Henry-Morrison,newrelic/nrsysmond,33,False,16.16581033261719,97.79.11,nvidia-docker
833,Chapman-Bernard,jenkins,30,True,84.1594034349252,19.4.53,docker-x11
834,Durham-Johnson,datadog/docker-dd-agent,79,True,15.729596604274354,100.56.46,podman
835,Jones and Sons,solr,52,True,3.78536717675958,76.22.66,docker
836,"Nichols, Brown and Bennett",orientdb,31,False,26.459278108996376,81.67.89,cri-o
837,Contreras-Pope,elasticsearch,15,True,47.28734307591994,93.73.65,podman
838,"Porter, Fields and Sexton",zookeeper,11,False,16.8476750887671,90.73.30,podman
839,Powell Ltd,python,6,False,65.95857445636241,33.25.96,cri-o
840,Robinson-Acosta,mageia,21,False,38.71281595502567,47.29.58,docker
841,"Terry, Smith and Swanson",bitnami/nginx,45,True,93.55078424607932,40.77.80,containerd
842,"Brown, Wilson and Curry",amazon/cloudwatch-agent,73,False,63.82132945318405,11.98.89,docker
843,Wolfe-Long,solr,70,False,49.26082183242669,71.45.24,containerd
844,Smith-Nelson,scratch,40,False,9.017497258444829,41.38.19,nvidia-docker
845,Hines-Johnson,rakudo-star,9,False,96.5862540676742,70.20.97,containerd
846,"Reese, Frazier and Jones",telegraf,100,False,3.593859998504967,15.37.65,podman
847,"Hester, Brown and Clarke",caddy,7,False,88.3382529426024,34.29.33,podman
848,Hayes-Bennett,archlinux,23,True,21.753836493374877,83.13.86,containerd
849,"Bonilla, Cervantes and Yoder",teamspeak,41,True,75.79067302481943,73.60.87,nvidia-docker
850,Wagner-Alvarez,cirros,3,True,8.836206939499203,72.42.32,cri-o
851,Phillips Group,docker/ucp-auth,32,True,59.65119251917316,75.28.100,docker
852,Parks-Reyes,geonetwork,91,False,80.75876586535148,90.58.87,cri-o
853,"Morse, Thomas and Baker",jetty,32,True,75.77755888914152,73.59.99,docker
854,"Bass, Cruz and Bradley",cassandra,46,True,38.752604039805846,56.48.15,containerd
855,Duncan LLC,pypy,44,False,95.43759562771598,95.86.31,nvidia-docker
856,Rivas-Kelly,openjdk,46,True,17.17219128474248,89.4.55,docker
857,Pratt-Evans,datadog/agent,1,True,75.41506345990855,17.80.27,docker-x11
858,Chapman Group,lacework/datacollector,22,False,19.64051032318531,98.78.89,nvidia-docker
859,Santana-Nelson,backdrop,89,True,72.58283627706122,88.39.60,docker-x11
860,Rodriguez Inc,rancher/rancher,38,False,77.90944542118797,67.12.77,containerd
861,Dickerson-Hamilton,dcl2020,72,False,33.29366546234691,65.73.14,containerd
862,Porter-Trevino,ibm-semeru-runtimes,62,False,52.14652876163445,38.82.60,containerd
863,Smith-Martinez,alpine,24,True,6.416655294182694,48.45.90,docker-x11
864,"Simmons, Taylor and Webb",sysdig/agent,35,True,74.04035316787815,1.43.80,containerd
865,Kaiser Inc,mongo,80,False,14.360841956966496,65.0.50,docker-compose
866,"Thomas, Lyons and Page",golang,60,False,33.564859863652174,62.90.89,cri-o
867,Hester and Sons,jobber,89,False,72.05491513040167,53.82.86,cri-o
868,Townsend Inc,rocket.chat,87,True,65.76884314254133,62.60.86,podman
869,Robertson and Sons,centos,23,False,95.02376065785964,49.44.10,nvidia-docker
870,Haley and Sons,nuxeo,51,False,16.936203789755833,57.37.6,docker-x11
871,"Ward, Potter and Clark",couchbase,70,False,59.26355487370615,5.61.98,nvidia-docker
872,Campbell-Travis,plone,20,False,45.64460704882508,67.34.97,podman
873,"Lynch, Richardson and Terry",jobber,14,False,27.721678477474875,45.10.63,docker
874,Barton Ltd,erlang,61,False,27.394549276885606,90.85.69,cri-o
875,"Wilson, Weiss and Montoya",yourls,63,True,21.276104197770607,76.2.23,containerd
876,Bell Group,archlinux,27,True,18.392347581483847,9.28.46,nvidia-docker
877,Reed Inc,notary,16,False,36.55597529287491,71.2.16,docker-x11
878,Salazar and Sons,google/cloud-sdk,4,False,79.83106149257411,9.85.58,nvidia-docker
879,"Avila, Nelson and Hunt",amazon/dynamodb-local,21,False,6.475100751216978,87.74.8,cri-o
880,"Moses, Martin and Molina",mariadb,9,False,62.44636316712208,59.60.23,docker
881,Turner Ltd,euleros,13,True,84.44949148121938,6.28.82,podman
882,"Duran, Hill and King",eclipse-temurin,72,True,1.056464299971649,79.100.80,docker
883,Rice-Giles,jobber,0,False,94.76306028489115,99.18.34,docker-x11
884,Fleming-Gonzalez,circleci/ruby,90,False,83.92506987438338,80.37.17,docker
885,"Mendez, Ruiz and Savage",swarm,98,False,6.122840537889629,17.98.59,containerd
886,Torres-Arias,photon,31,False,58.77540423010965,38.47.96,docker-x11
887,Allen-Turner,perl,55,False,46.098250632017944,47.43.43,nvidia-docker
888,"Burke, Jimenez and Lamb",adoptopenjdk,83,False,81.83363350722986,87.66.55,cri-o
889,Thompson-Richardson,mediawiki,80,False,23.00038267689395,30.13.21,nvidia-docker
890,Phillips-Williams,mysql,27,True,81.90630931807223,25.5.16,docker
891,Griffin-Foley,haskell,43,True,5.049224369130068,54.32.96,nvidia-docker
892,"Palmer, Peterson and Todd",backdrop,20,True,88.212771869663,37.92.46,docker-compose
893,Scott-Warren,bitnami/postgresql,56,False,54.82345552870685,36.33.81,docker-x11
894,Garcia-Rivera,neurodebian,93,False,3.237365017251226,20.90.7,nvidia-docker
895,Gutierrez-Thomas,httpd,13,False,39.93681368308689,82.5.16,podman
896,Moreno Group,lacework/datacollector,71,False,77.70690622069944,100.12.21,nvidia-docker
897,Willis PLC,amazon/aws-for-fluent-bit,87,True,14.832046498449369,43.90.18,nvidia-docker
898,"Blankenship, Weaver and Thomas",eclipse-temurin,49,False,30.590587300715335,22.62.36,cri-o
899,"Hansen, Wilson and Jackson",bitnami/postgresql,15,False,58.357053578161754,40.32.91,nvidia-docker
900,Kelly Inc,zookeeper,96,True,16.119655468498927,87.19.54,cri-o
901,Williams-Ford,websphere-liberty,50,False,83.90661567552982,0.64.59,containerd
902,"Ross, Ray and Guzman",openjdk,8,True,56.96584933783788,3.48.82,nvidia-docker
903,Frey-Byrd,mongo-express,43,True,40.46672178608341,81.34.96,cri-o
904,Miller-Watson,orientdb,23,False,52.9987583333876,79.77.99,docker-compose
905,Rubio and Sons,sourcemage,19,True,11.043634663371337,54.46.54,cri-o
906,Roberts-Davis,cockroachdb/cockroach,38,True,76.8871527070882,51.30.91,containerd
907,Williams LLC,archlinux,75,False,79.47813932269752,2.99.24,containerd
908,"Holt, Dunn and Jones",oraclelinux,14,False,25.491387918801067,4.76.64,docker
909,"Nichols, Carter and Heath",rust,16,False,98.65874904982425,77.81.73,nvidia-docker
910,Rowland and Sons,websphere-liberty,50,False,78.98111836253669,4.91.82,containerd
911,Jenkins LLC,portainer/agent,50,True,18.689426281510645,54.31.5,docker-compose
912,"Solomon, Rivers and Brady",glassfish,5,False,13.347103669529448,82.19.5,cri-o
913,Hicks-Davis,bitnami/external-dns,30,False,91.83838290713572,14.19.43,cri-o
914,Moore-Payne,mediawiki,20,False,71.7780968347251,43.3.92,podman
915,Harrison-Russell,julia,44,True,54.45895073094324,99.95.55,podman
916,Houston-Peterson,docker/aci-hostnames-sidecar,13,False,97.30708807640225,35.20.15,containerd
917,"Fleming, Mathis and Hooper",varnish,62,True,5.379162007643956,83.54.12,docker-x11
918,Elliott-Harrison,rockylinux,7,False,77.62055510872148,88.50.79,docker
919,"Thomas, Waller and Montoya",monica,11,False,63.75647174083865,47.81.71,podman
920,Smith and Sons,archlinux,18,False,90.8166327337838,66.9.63,docker
921,Anderson Inc,nats-streaming,97,True,21.77887118620102,34.92.34,containerd
922,Hamilton-Newton,hitch,2,False,39.23530072723563,91.74.52,containerd
923,Robbins and Sons,amazon/dynamodb-local,14,False,50.08946837963274,24.86.82,containerd
924,"Gould, Ward and Ramirez",amazon/cloudwatch-agent,18,True,74.01526039193621,25.72.69,containerd
925,Brooks-Santiago,node,83,False,31.16565021508998,18.68.45,containerd
926,Morris-Jones,bitnami/redis,65,True,9.372818433292851,26.79.36,cri-o
927,Young Ltd,jruby,69,True,23.189602354951,10.91.67,docker-x11
928,"Schaefer, Hernandez and Hall",adminer,15,False,50.663734974339434,27.3.83,docker
929,Gallegos-Mcguire,grafana/grafana,53,True,50.718134005823,76.36.72,docker-x11
930,"King, Payne and Logan",drupal,18,False,46.67980256476898,74.88.36,podman
931,Hughes-Wilson,jetty,89,True,22.372312293288843,0.49.81,docker-compose
932,Pierce-King,gradle,41,False,69.74679693101533,84.84.82,containerd
933,"Thomas, Lucas and Larsen",postfixadmin,78,False,90.89197741606085,81.85.53,containerd
934,Turner-Ray,plone,73,False,58.57909157565978,80.62.36,nvidia-docker
935,Hawkins-Nguyen,lacework/datacollector,88,True,37.23282662127671,0.67.82,docker-x11
936,Bowman Ltd,wordpress,8,True,87.7761999870121,42.51.60,docker-compose
937,Carpenter PLC,neurodebian,45,False,84.83547084432624,80.68.94,nvidia-docker
938,"Garrison, Dodson and Whitaker",bitnami/kafka,79,True,78.77104245114981,36.56.47,docker-compose
939,"Rodriguez, Figueroa and Sullivan",bitnami/nginx,78,False,61.62213755817317,90.72.96,docker-compose
940,"Lambert, Richards and Lopez",ibmjava,15,False,25.576446436003675,57.67.71,podman
941,Weaver-Carter,plone,99,False,75.41007629939746,39.83.15,docker
942,Curry-Brown,bitnami/kafka,20,True,36.62790523541688,14.31.23,cri-o
943,"Price, Simpson and Golden",owncloud,18,False,94.08490897465278,48.24.94,docker-x11
944,"Massey, Diaz and Diaz",crux,80,False,28.545665821821586,47.5.54,nvidia-docker
945,Hayes and Sons,httpd,67,False,2.4554192265734187,54.74.66,cri-o
946,Griffin-Mccarty,storm,90,False,70.88186127679774,36.2.33,docker-compose
947,Brown and Sons,api-firewall,66,False,71.45731362523311,58.65.51,containerd
948,"Taylor, Christensen and Perez",jenkins,23,True,94.60467134932085,30.11.16,docker-compose
949,"Mahoney, Garcia and Smith",gcc,95,True,85.74338857332889,45.15.73,containerd
950,Whitaker PLC,telegraf,21,True,51.30463831282136,83.5.65,docker-x11
951,Dillon and Sons,mirantis/ucp-agent-win,59,False,21.127298726463373,56.62.91,containerd
952,Smith LLC,almalinux,46,False,9.242189793692802,86.86.21,docker-x11
953,Smith and Sons,grafana/promtail,41,True,53.59147577461556,73.80.81,cri-o
954,"Jones, Pratt and Moore",centos,16,True,74.35540547502826,62.17.72,docker-compose
955,Sanchez and Sons,wordpress,89,True,13.052955213702134,37.71.12,docker-x11
956,"Gutierrez, Jones and Hernandez",ubuntu-upstart,47,True,10.730471754733873,1.54.67,containerd
957,Ross-Freeman,plone,52,True,14.989603189775769,2.19.37,nvidia-docker
958,King-Johnson,percona/percona-xtradb-cluster-operator,3,True,42.939981050311026,40.86.94,nvidia-docker
959,Harrison Group,openjdk,81,True,61.821822386080484,28.31.17,containerd
960,"Chavez, Wong and Smith",dynatrace/oneagent,21,False,91.94635517978735,41.5.49,docker
961,Williams-Miller,oraclelinux,70,True,7.382194537111674,46.37.26,nvidia-docker
962,"Garcia, Williams and Manning",bitnami/kafka,45,False,62.033283041680484,70.24.86,nvidia-docker
963,"Lara, Ball and Brown",eggdrop,18,True,51.48612190838847,71.37.15,containerd
964,"Finley, Rogers and Wright",crux,78,False,16.758080966174106,88.65.28,docker-compose
965,"Roy, Warren and Raymond",bitnami/postgresql,3,False,96.64720305379494,50.93.71,docker-compose
966,"Morrison, Sanchez and Harrison",node,14,True,8.287079583617151,97.28.20,docker-compose
967,Jennings Inc,vault,43,True,10.185225251515407,81.70.9,containerd
968,Martin Ltd,postgres,9,False,20.406613022825592,67.59.34,nvidia-docker
969,Buckley Ltd,jruby,88,True,56.604375652636044,7.33.80,nvidia-docker
970,Maxwell Inc,docker-dev,71,True,4.793869642989124,77.50.93,nvidia-docker
971,Briggs-Petty,drupal,36,False,28.597894979763506,97.93.85,containerd
972,"Crawford, May and Harris",cirros,2,True,84.33980927705433,47.75.65,containerd
973,Holmes Ltd,hipache,20,False,83.90725354925827,45.78.5,cri-o
974,"Hoffman, Lane and Jacobs",archlinux,91,False,30.80341151292262,71.48.20,docker
975,Hansen-Haynes,google/cadvisor,82,True,77.39626158554836,99.35.33,containerd
976,Price-Koch,phpmyadmin,78,True,94.55970648226214,100.78.93,nvidia-docker
977,Brown and Sons,cassandra,45,True,6.437467260634699,86.61.2,docker-x11
978,Luna LLC,mediawiki,28,False,77.01311111018939,15.60.12,cri-o
979,"Sims, Cobb and Stark",ruby,31,False,73.79716307710343,31.13.67,cri-o
980,Johnson Ltd,circleci/node,56,False,57.04316668143026,67.91.24,podman
981,"Welch, Cook and Barrett",archlinux,30,True,81.77610878532644,25.33.49,docker-compose
982,Silva and Sons,portainer/portainer,4,True,7.503712985294609,54.23.3,cri-o
983,Hood PLC,newrelic/infrastructure-bundle,56,False,74.67144612940203,99.26.35,docker
984,Phillips-Woodard,portainer/portainer,72,False,52.01779590425423,7.41.67,podman
985,"Rodriguez, Kim and Johnson",rails,33,False,69.8359348489767,45.63.87,docker-compose
986,Patel and Sons,percona,3,False,80.0663359264197,87.56.91,docker-x11
987,Mueller and Sons,newrelic/infrastructure-bundle,90,False,99.97141937335167,86.32.90,nvidia-docker
988,Guerra-Price,elixir,70,False,47.634934949866846,19.58.96,docker
989,Klein-Lara,django,95,True,67.47163417715534,26.26.84,nvidia-docker
990,"Burke, Brown and Thompson",backdrop,74,False,34.14065396908246,32.41.14,docker-compose
991,Whitehead-Little,docker/ucp-agent,15,False,16.31152550773427,13.75.48,docker-compose
992,Foster PLC,dynatrace/oneagent,97,True,72.87010834647644,37.50.24,containerd
993,"Obrien, Hawkins and Molina",wallarm/api-firewall,38,True,8.903158566465287,43.87.86,docker-x11
994,"Weaver, Morrison and Gonzales",postfixadmin,89,True,19.584303826099347,47.60.7,containerd
995,"Anderson, Brady and Mathews",memcached,45,False,21.139678342899426,44.79.39,docker-x11
996,"Gonzales, Leon and Freeman",silverpeas,31,True,66.48472426724219,57.41.42,nvidia-docker
997,Day and Sons,sentry,50,True,80.75157025738322,59.97.80,containerd
998,"Brennan, Weaver and Smith",circleci/mysql,30,True,68.09779921595224,52.43.13,nvidia-docker
999,"Jordan, Benjamin and Williamson",nats,21,False,79.21054711318195,14.91.49,containerd
1000,Blanchard-Clark,hola-mundo,82,False,57.84833832282087,42.35.68,containerd
